商品ID,名称,分类,价格(元),价格(分),描述,图片路径
24648,Xiaomi 17 Max,Xiaomi手机,4799.0,479900,第五代骁龙8至尊版 | 8000mAh 小米金沙江电池 | 6.9英寸新一代超级阳光屏,images/24648.png
21931,Xiaomi 17,Xiaomi手机,4799.0,479900,"徕卡光学 Summilux 高速镜头｜光影猎人 950 影像传感器丨第五代 骁龙 8 至尊版移动平台
7000mAh 小米金沙江电池丨100W 小米澎湃秒充｜低功耗超级阳光屏",images/21931.png
20618,Xiaomi 15,Xiaomi手机,3599.0,359900,"徕卡光学 Summilux 高速镜头｜骁龙®8至尊版移动平台｜5400mAh 小米金沙江电池
小米澎湃OS 2｜全生态AI助手 超级小爱｜低功耗超级阳光屏",images/20618.png
24814,Xiaomi 17T,Xiaomi手机,2999.0,299900,"6.59""低功耗超级阳光屏 ｜徕卡 5X 浮动潜望长焦｜徕卡 Live 动态照片",images/24814.png
21298,Xiaomi Civi 5 Pro,Xiaomi手机,2499.0,249900,徕卡光学 Summilux 高速镜头，6000mAh 小米金沙江电池,images/21298.png
21936,Xiaomi 17 Pro Max,Xiaomi手机,6499.0,649900,徕卡光影大师 移动影像系统｜徕卡 5X 超聚光潜望长焦｜妙享背屏｜第五代 骁龙 8 至尊版移动平台｜7500mAh 小米金沙江电池｜低功耗超级阳光屏 「超级像素」,images/21936.png
21932,Xiaomi 17 Pro,Xiaomi手机,5399.0,539900,徕卡光影大师 移动影像系统 ｜徕卡 5X 浮动潜望长焦｜妙享背屏｜第五代 骁龙 8 至尊版移动平台｜6300mAh 小米金沙江电池｜低功耗超级阳光屏,images/21932.png
22422,Xiaomi 17 Ultra,Xiaomi手机,6999.0,699900,徕卡一英寸光影大师｜光影猎人1050L传感器｜LOFIC超高动态技术｜烟花模式｜徕卡超纯光学系统｜徕卡2亿像素光学变焦｜2亿像素超大底传感器｜75mm-100mm 2亿像素光学直出｜8片3组 光学架构｜4K 实况运镜｜红毯运镜｜徕卡APO光学认证｜50MP 徕卡超广角｜超级像素｜1.18mm 极窄四等边｜M10 新一代屏幕发光材料｜新型红色发光主材｜小米龙晶玻璃 3.0｜第五代骁龙8 至尊版移动平台｜双路立体环形冷泵｜6800 mAh小米金沙江电池｜小米星辰通讯系统｜跨设备生态互联,images/22422.png
19752,Xiaomi Civi 4 Pro,Xiaomi手机,2099.0,209900,徕卡光学Summilux镜头，第三代骁龙8s旗舰处理器,images/19752.png
22423,Xiaomi 17 Ultra 徕卡版,Xiaomi手机,7999.0,799900,经典双拼设计｜中框精雕滚花｜徕卡经典红标设计｜大师变焦环｜经典3:2全画幅比例｜徕卡M3画质｜徕卡M9画质｜安全隐私加密芯片｜徕卡一英寸光影大师｜光影猎人1050L传感器｜LOFIC超高动态技术｜烟花模式｜徕卡超纯光学系统｜徕卡2亿像素光学变焦｜2亿像素超大底传感器｜75mm-100mm 2亿像素光学直出｜8片3组 光学架构｜4K 实况运镜｜红毯运镜｜徕卡APO光学认证｜50MP 徕卡超广角｜超级像素｜1.18mm 极窄四等边｜M10 新一代屏幕发光材料｜,images/22423.png
20982,Xiaomi 15 Ultra,Xiaomi手机,4999.0,499900,徕卡1英寸主摄 | 徕卡2亿超级长焦 | 徕卡超纯光学系统 | 骁龙8至尊版移动平台 | 6000mAh 小米金沙江电池 | 小米澎湃OS 2,images/20982.png
21423, Xiaomi MIX Flip 2,Xiaomi手机,4999.0,499900,4.01英寸多功能超大外屏|5165mAh小米金沙江电池|骁龙 8 至尊版移动平台|徕卡光学Summilux镜头|双VC立体散热系统|超平整折痕认证,images/21423.png
24809,Xiaomi 17T Pro,Xiaomi手机,3999.0,399900,天玑 9500 旗舰性能芯 | 徕卡光学 Summilux 高速镜头 | 6.8英寸低功耗超级阳光屏,images/24809.png
19300,Xiaomi 14,Xiaomi手机,3199.0,319900,徕卡光学Summilux镜头｜光影猎人900影像传感器 | 75mm徕卡浮动长焦 | 小米澎湃OS ｜第三代骁龙®8移动平台｜小米环形冷泵,images/19300.png
21305,Xiaomi 15S Pro,Xiaomi手机,5499.0,549900,玄戒® O1 3nm 旗舰处理器 | 小米 15周年特别设计 | 徕卡光学 Summilux 全焦段三摄 | 6100 mAh 小米金沙江电池 | 2K 低功耗超级阳光屏 | 小米首发 全焦段 4K 夜景视频,images/21305.png
19683,Xiaomi 14 Ultra,Xiaomi手机,4499.0,449900,徕卡光学 Summilux 镜头，第三代骁龙®8移动平台,images/19683.png
20603,Xiaomi 15 Pro,Xiaomi手机,4999.0,499900,"徕卡光学 Summilux 高速镜头｜骁龙®8至尊版移动平台｜6100mAh 小米金沙江电池
120mm 徕卡潜望长焦 ｜小米澎湃OS 2｜全生态AI助手 超级小爱",images/20603.png
20609,Xiaomi 15 定制版,Xiaomi手机,4099.0,409900,Xiaomi 15 定制版,images/20609.png
20249,Xiaomi MIX Flip 12GB+256GB随身拍套装,Xiaomi手机,6498.0,649800,Xiaomi MIX Flip 12GB+256GB手机一部+Xiaomi MIX Flip 随身拍套装一套,images/20249.png
20425,Redmi Note 14 Pro+,REDMI手机,1699.0,169900,更抗摔，更防水，更长续航,images/20425.png
24930,REDMI Note 17 Pro,REDMI手机,1599.0,159900,<font color='#ff4a00'>【直播间购机赠小米Type-C耳机】</font>抗摔 防水 长续航,images/24930.png
24940,REDMI Note 17,REDMI手机,1299.0,129900,<font color='#ff4a00'>【直播间购机赠小米Type-C耳机】</font>大屏 大电量,images/24940.png
20419,Redmi Note 14 Pro,REDMI手机,1149.0,114900,十面坚固，双倍抗摔,images/20419.png
25140,REDMI K100 Pro Max,REDMI手机,4199.0,419900,<font color='#ff4a00'>直播间购机限量赢小米小背包</font>旗舰双芯 | 185Hz高刷屏 | 9070mAh大电池 | 2亿旗舰三摄 | Sound by Bose 深度联调,images/25140.png
20844,REDMI Turbo 4,REDMI手机,1599.0,159900,REDMI Turbo 4 好看又能打,images/20844.png
24884,REDMI 17 5G,REDMI手机,999.0,99900,<font color='#ff4a00'>「直播间购机限量赢小米Type-C耳机」</font>大屏长续航 久用也流畅,images/24884.png
22172,REDMI K90,REDMI手机,3099.0,309900,骁龙®8至尊版 ｜超级像素护眼屏｜超线性对称立体双扬丨Sound by Bose 联合调音｜一体化冷雕工艺,images/22172.png
20866,Redmi 14C,REDMI手机,699.0,69900,大屏大音量 耐用好品质,images/20866.png
22526,REDMI Turbo 5,REDMI手机,2599.0,259900,"天玑 8500-Ultra | 6.59"" 黄金尺寸 | 1.5K 超级阳光屏",images/22526.png
24895,REDMI 17C,REDMI手机,799.0,79900,悦目大屏 一眼旗舰,images/24895.png
20790,REDMI K80,REDMI手机,1999.0,199900,第三代骁龙8|狂暴引擎4.0|2K新国屏|小米青山护眼2.0|6550mAh超长续航|90W闪充|IP68|超声波指纹,images/20790.png
22171,REDMI K90 Pro Max,REDMI手机,4499.0,449900,第五代 骁龙®8至尊版｜超级像素护眼屏｜2.1 立体声 豪华三扬丨Sound by Bose 联合调音｜5X 潜望长焦,images/22171.png
20420,Redmi Note 14 5G,REDMI手机,1199.0,119900,旗舰秩序美学、OLED 护眼直屏,images/20420.png
21648,REDMI Note 15,REDMI手机,1399.0,139900,真抗摔 真防水 长续航,images/21648.png
24933,REDMI K90 至尊版,REDMI手机,3299.0,329900,骁龙®8 至尊版｜AI 游戏独显｜风冷主动散热｜165Hz 高刷电竞屏,images/24933.png
19432,Redmi K70,REDMI手机,1999.0,199900,第二代骁龙8｜小米澎湃OS｜狂暴引擎3.0｜冰封散热系统｜2K 护眼屏｜5000mAh超大电量,images/19432.png
22527,REDMI Turbo 5 Max,REDMI手机,2799.0,279900,天玑 9500s | 9000mAh 最大小米电池 | 1.5K 超级阳光屏,images/22527.png
25135,REDMI K100 Pro,REDMI手机,3699.0,369900,<font color='#ff4a00'>直播间购机限量赠米家台灯2 Lite</font>旗舰双芯 | 185Hz高刷屏 | 8580mAh高硅碳电池 | 2亿旗舰主摄,images/25135.png
21136,REDMI Turbo 4 Pro,REDMI手机,1899.0,189900,Turbo 4 Pro 好看，更能打！,images/21136.png
23969,REDMI K90 Max,REDMI手机,3499.0,349900,天玑 9500 正代旗舰芯｜游戏独显｜超强风冷主动散热｜165Hz 超高刷电竞屏,images/23969.png
20153,Redmi K70 至尊版,REDMI手机,2149.0,214900,双芯旗舰，狂暴登场！天玑 9300+ 搭档狂暴游戏独显 D1 芯片，依托狂暴引擎 3.0 贯穿双芯调校、及全新 3D 冰封散热™系统，实现更激进、持久的游戏性能释放。,images/20153.png
21659,REDMI Note 15 Pro,REDMI手机,1799.0,179900,真抗摔 真防水 长续航,images/21659.png
21432,REDMI K80 至尊版,REDMI手机,2599.0,259900,天玑9400+|独显芯片 D2|3D 冰封循环冷泵|144Hz高刷|小米青山护眼护眼|7410mAh 小米金沙江电池|大师级同轴对称双扬|超宽频赛博马达,images/21432.png
19184,Redmi Note 13 Pro,REDMI手机,1299.0,129900,新 2 亿像素 更快更清晰｜旗舰直屏 超细四窄边,images/19184.png
20867,小米自带线充电宝20000 22.5W ,手机配件,119.0,11900,<font color='#ff4a00'>产品站领国补资格下单省10%</font>大容量长续航，双向疾速快充,images/20867.png
22179,小米充电宝 自带线 快充版 20000 33W,手机配件,149.0,14900,<font color='#ff4a00'>产品站领国补资格下单省10%</font>大容量长续航，双向疾速快充,images/22179.png
21895,小米自带线充电宝 20000 67W,手机配件,179.0,17900,<font color='#ff4a00'>产品站领国补资格下单省10%</font>高功率双向快充，大容量自在出行,images/21895.png
18499,小米自带线充电宝10000mAh口袋版,手机配件,99.0,9900,口袋随行，电量时刻在“线”,images/18499.png
11174,小米移动电源3 20000mAh USB-C双向快充版,手机配件,119.0,11900,USB-C 18W双向快充 / 可为三台设备同时充电 / 高品质锂离子聚合物电池,images/11174.png
22410,Xiaomi Tag,手机配件,63.0,6300,智能定位 一找就对,images/22410.png
10050229,小米充电宝 自带线 20000,手机配件,199.0,19900,通过2026年新国标认证，可选22.5W、45W、67W多款型号,images/10050229.png
22272,小米充电宝 20000 165W,手机配件,269.0,26900,<font color='#ff4a00'>产品站领国补资格下单省10%</font>高功率长续航，双口组合超快充,images/22272.png
20628,小米磁吸散热背夹,手机配件,149.0,14900,超强功率，超强制冷,images/20628.png
22109,小米金沙江充电宝 磁吸超薄 5000 15W,手机配件,299.0,29900,<font color='#ff4a00'>产品站领国补资格下单省10%</font>磁吸超薄，至薄澎湃，整机薄至6mm,images/22109.png
21468,小米自带线屏显充电宝10000 45W,手机配件,149.0,14900,<font color='#ff4a00'>产品站领国补资格下单省10%</font>幻彩小巧 LCD智能屏显 双向快充,images/21468.png
18290,小米67W充电器套装 轻享版  原装同款,手机配件,89.0,8900,最高67w输出功率 ｜ Type-C接口数据线,images/18290.jpg
18453,Xiaomi 120W 充电器套装  原装同款,手机配件,159.0,15900,十重保护 | 安心充放电,images/18453.png
20379,小米自带线充电宝10000 165W,手机配件,179.0,17900,<font color='#ff4a00'>产品站领国补资格下单省10%</font>旗舰高功率，双口组合超快充,images/20379.png
12896,小米Type-C充电器快充版 20W 白色,手机配件,29.0,2900,20W大功率 |兼容多种快充协议 | 100-240V宽电压 | 多重安全保护 | 支持苹果12,images/12896.png
13468,小米6A Type-C快充数据线   原装同款,手机配件,27.0,2700,快速充电 | 快速传输 | 更强兼容 | 安全可靠,images/13468.png
12541,小米车载充电器快充版1A1C 100W,手机配件,99.0,9900,"USB-C 100W MAX 快充/USB-A,USB-C双口输出/环形炫彩灯效显示",images/12541.png
21660,小米磁吸支架充电宝10000 7.5W,手机配件,149.0,14900,<font color='#ff4a00'>产品站领国补资格下单省10%</font>自带支架随心玩，双向快充少等待,images/21660.png
20358,小米充电宝 25000 212W,手机配件,449.0,44900,<font color='#ff4a00'>产品站领国补资格下单省10%</font>充沛能量，疾速闪充,images/20358.png
20626,小米30W磁吸无线充,手机配件,129.0,12900,纤薄身材 握感隐无形,images/20626.png
20878,小米磁吸自带线充电宝10000 33W,手机配件,169.0,16900,多彩便携，有线无线自在充电,images/20878.png
20395,小米自带线充电宝 10000 33W,手机配件,119.0,11900,<font color='#ff4a00'>产品站领国补资格下单省10%</font>小巧随身装，补电实力派,images/20395.png
21946,Xiaomi 17 Pro/Pro Max复古掌机保护壳,手机配件,299.0,29900,经典掌机设计 | 套壳直连 | 40天超长续航,images/21946.png
24663,小米金沙江充电宝 超薄磁吸 10000 45W,手机配件,369.0,36900,<font color='#ff4a00'>产品站领国补资格下单省10%</font>超薄磁吸 超大电量安心随行,images/24663.png
25101,小米充电宝 自带线 20000 22.5W,手机配件,199.0,19900,通过2026年新国标认证，大容量双向快充,images/25101.png
20593,Xiaomi Pad 7,平板,2299.0,229900,<font color='#ff4a00'>【至高享15%政府补贴，直播间下单赠保护壳】</font>11.2英寸3.2K高清高刷屏 | 第三代骁龙7+ 旗舰芯片 | HyperOS 2,images/20593.png
24235,REDMI Pad 2 SE,平板,1199.0,119900,<font color='#ff4a00'>【至高享15%政府补贴，购机赠双面保护壳！】</font>2K高素质屏幕｜旗舰级金属机身｜70.2天超长待机,images/24235.png
21872,Xiaomi Pad 8,平板,2799.0,279900,<font color='#ff4a00'>【至高享15%政府补贴，直播间下单赠保护壳，买赠价值655元游戏礼包】</font>第四代骁龙 8s 旗舰处理器 | 11.2英寸高清护眼屏 | 薄至5.75mm 轻至485g | 9200mAh 大电池 | 小米澎湃OS 3 | PC 级WPS、CAD,images/21872.png
21871,Xiaomi Pad 8 Pro,平板,2999.0,299900,<font color='#ff4a00'>【至高享15%政府补贴，直播间下单赠保护壳，买赠价值655元游戏礼包】</font>骁龙 8 至尊版旗舰处理器 | 11.2英寸高清护眼屏 | 薄至5.75mm 轻至485g | 9200mAh 大电池 | 小米澎湃OS 3 | PC 级WPS、CAD,images/21871.png
21591,REDMI Pad 2,平板,1399.0,139900,<font color='#ff4a00'>【至高15%政府补贴，柔光版下单赠保护壳】</font>2.5K超清护眼屏 | 9000mAh超长续航大电池 | 海量题库精准辅学 | 千元高性价比大屏平板,images/21591.png
21130,Xiaomi Pad 7 Ultra,平板,5699.0,569900,<font color='#ff4a00'>【至高享6期免息，下单买赠磁吸保护壳！】</font>玄戒®O1 3nm旗舰处理器 | 实验室环境安兔兔综合跑分300万+ | 14英寸3.2K高清高亮OLED屏 | 5.1mm超薄机身 | 12000mAh 超大电池 | 120W 疾速快充,images/21130.png
23974,REDMI K Pad 2,平板,3599.0,359900,"<font color='#ff4a00'>【至高享15%政府补贴，下单再享至高6期免息！】</font>天玑 9500 正代旗舰芯 | 8.8"" 3K LCD 高亮电竞屏 | SoC 中置散热架构 | 15300mm² 铝合金液冷VC",images/23974.png
21413,REDMI K Pad,平板,3099.0,309900,"<font color='#ff4a00'>【至高享15%政府补贴，3期免息限量抢！】</font>8.8"" 3K LCD 旗舰护眼屏 | 天玑 9400+ 旗舰性能芯 | SoC 中置架构 高效散热 |  12050mm² 铝合金液冷VC",images/21413.png
20598,Xiaomi Pad 7 Pro,平板,2699.0,269900,<font color='#ff4a00'>【至高享15%政府补贴，直播间下单赠保护壳】</font>11.2英寸3.2K高清高刷屏 | 第三代骁龙8s 旗舰芯片 | HyperOS 2,images/20598.png
19820,Redmi Pad Pro,平板,1599.0,159900,<font color='#ff4a00'>【至高享15%政府补贴，直播间下单赠类纸膜！】</font>12.1英寸2.5K旗舰机大屏 | 10000mAh超大电池 | Xiaomi HyperOS 流畅体验 | 全套生态配件 | 小米教育中心,images/19820.png
22535,REDMI Pad 2 Pro,平板,1999.0,199900,<font color='#ff4a00'>【至高享15%政府补贴，乐学版下单赠保护膜】</font>2.5K超清护眼屏 | 12000mAh超大容量电池 | 第四代骁龙7s平台 | PC级办公体验 | 跨端生态高效互联 | 小米教育中心,images/22535.png
21406,Xiaomi Pad 7S Pro 12.5,平板,3499.0,349900,"<font color='#ff4a00'>【至高享15%政府补贴，玄戒®O1 3nm旗舰处理器】</font>玄戒®O1 3nm旗舰处理器 | 12.5"" 高清高亮原色屏 |120W 疾速快充 | 10610mAh 大电池 |薄至5.8mm 轻至576g",images/21406.png
23520,REDMI Pad 2 Pro 5G,平板,2799.0,279900,2.5K超清护眼屏 | 12000mAh超大容量电池 | 第四代骁龙7s平台 | PC级办公体验 | 跨端生态高效互联 | 小米教育中心,images/23520.png
20754,Xiaomi Pad 7系列悬浮键盘+触控笔套装,平板,1000.0,100000,全新悬浮形态 | 多角度顺畅调节 | 磁吸触点无感连接,images/20754.png
21903,Xiaomi Pad 8/8 Pro 悬浮键盘,平板,699.0,69900,悬浮形态 一开即用 | PC级键盘布局 全域机械按压触控 | 多角度调节 磁吸触点无感链接,images/21903.png
19823,REDMI 灵感触控笔,平板,299.0,29900,5ms超低延时 | 4096级压感 | 10g灵敏出墨 | 12h连续书写,images/19823.png
19812,Redmi Pad Pro 键盘式双面保护壳,平板,129.0,12900,标准64键布局 | 丰富快捷键 | 主动笔独立收纳 | 760h 超长待机,images/19812.png
19191,Redmi涂鸦触控笔,平板,29.0,2900,圆润笔身 ｜ 顺滑笔触 ｜ 即拿即用,images/19191.png
21927,小米焦点触控笔 Pro,平板,599.0,59900,一体化无按键设计 | 新奇交互 妙不可言 | 振感反馈 悬停预览,images/21927.png
22537,REDMI Pad 2 Pro 键盘,平板,299.0,29900,标准64键布局 | 丰富快捷键 | 主动笔独立收纳 | 960h超长待机,images/22537.png
21904,Xiaomi Pad 8/8 Pro 键盘式双面保护壳,平板,399.0,39900,PC级键入体验 | PC级键盘体验 | 磁吸触点无感链接 | 智能唤醒与息屏,images/21904.png
20587,Xiaomi Pad 7/7 Pro 磁吸双面保护壳,平板,79.0,7900,磁吸双面保护壳 | 配色雅致 触感细腻 | 智能唤醒 合盖息屏,images/20587.png
21410,Xiaomi Pad 7S Pro 12.5 悬浮键盘,平板,999.0,99900,镁合金材质，一步开合，0-124°无级调节，稳固可靠,images/21410.png
21593,REDMI Pad 2 双面保护壳,平板,89.0,8900,精湛工艺 完美匹配 | 稳定支撑 翻盖唤醒 | 智能唤醒 翻开即用,images/21593.png
22524,REDMI Pad 2 Pro 保护壳,平板,99.0,9900,三角磁吸支撑 稳固可靠 | 开盖唤醒 合盖息屏 | 细腻手感 双色可选,images/22524.png
21399,小米AI眼镜,智能穿戴,1699.0,169900,<font color='#ff4a00'>国补至高省15%，至高享3期免息，以旧换新至高补贴135元</font>经典D型镜框设计，潮流百搭|电致变色镜片，0.2s疾速变色，4档随心调|搭载1200万像素超透光学镜头,images/21399.png
10050227,小米手环 10（含NFC版、陶瓷版等）,智能穿戴,289.0,28900,2.0mm超窄四等边，满屏高光|睡眠健康管理|全天心率监测,images/10050227.png
22153,REDMI Watch 6,智能穿戴,569.0,56900,<font color='#ff4a00'>至高享3期免息，以旧换新至高补贴135元</font>2.07英寸AMOLED大屏 | 搭载HyperOS 3.0 | 轻薄一体设计,images/22153.png
21122,MIJIA智能音频眼镜 2 替换套装,智能穿戴,199.0,19900,潮流风范 随心切换,images/21122.png
23261,REDMI Buds 8 活力版,智能穿戴,99.0,9900,声享澎湃音质 电量超长相随,images/23261.png
20581,REDMI手环 3,智能穿戴,129.0,12900,18天超长续航 | 60Hz高刷大屏 | 全天健康监测,images/20581.png
24629,小米手环10 Pro,智能穿戴,399.0,39900,<font color='#ff4a00'>「国补限时立减15%，到手价339.15元起！」</font>轻薄铝合金机身 | 专业运动健康管理 | 21天超长续航,images/24629.png
21120,REDMI Buds 7S,智能穿戴,179.0,17900,旗舰双单元架构 | 半入耳主动降噪 | 32h超长续航,images/21120.png
5059,小米活塞耳机  ,智能穿戴,29.0,2900,铝合金音腔 | 第三代平衡阻尼系统 | 3.5mm镀镍插头,images/5059.png
20007,REDMI Buds 6 活力版,智能穿戴,99.0,9900,14.2mm超大动圈 | 内置五种调音模式 | 30小时长续航,images/20007.png
21403,小米手环10 NFC版（含陶瓷版、耀影金特别版）,智能穿戴,339.0,33900,<font color='#ff4a00'>【国补至高立省15%】</font>多彩陶瓷中框|智能NFC，多张卡片智能切换|专业游泳模式,images/21403.png
21404,小米手环10,智能穿戴,289.0,28900,<font color='#ff4a00'>【国补至高立省15%】</font>2.0mm超窄四等边，满屏高光|睡眠健康管理|全天心率监测,images/21404.png
24647,Xiaomi 耳夹式耳机 ,智能穿戴,799.0,79900,轻盈无感 佩戴舒适 | 超级小爱 智能陪伴 | 逆向声波防漏音,images/24647.png
22419,Xiaomi Buds 6,智能穿戴,649.0,64900,仿生曲线设计|哈曼金耳朵联合调音|耳机独立录音2.0,images/22419.png
20426,REDMI Buds 6,智能穿戴,189.0,18900,旗舰双单元架构 | 49dB深度降噪 | 42h超长续航,images/20426.png
20978,Xiaomi Buds 5 Pro,智能穿戴,899.0,89900,小米首发双功放三单元｜55dB 深度降噪｜哈曼联合调音,images/20978.png
19755,米兔儿童学习手表7X,智能穿戴,509.0,50900,强悍定位，全新体验,images/19755.png
23260,REDMI Buds 8 青春版,智能穿戴,139.0,13900,42dB 深度主动降噪 | 12.4mm超大镀钛单元 | 支持小米澎湃智联,images/23260.png
23408,Xiaomi Watch S5,智能穿戴,1099.0,109900,21天超长续航 | 小米澎湃OS 3 | 全新骑行体验,images/23408.png
20534,小米Type-C耳机（数字耳机）,智能穿戴,39.0,3900,小米Type-C耳机（数字耳机）,images/20534.png
18104,Xiaomi小方头磁吸充电线2,智能穿戴,19.9,1990,磁吸充电，方便收纳,images/18104.png
22418,Xiaomi Watch 5,智能穿戴,1899.0,189900,独立腕上“小手机” | 精准手势识别 | ECG心电分析,images/22418.png
20150,米兔儿童电话手表7A,智能穿戴,349.0,34900,长续航，高清视频通话2.0,images/20150.png
22137,REDMI Buds 8 Pro,智能穿戴,369.0,36900,55dB深度降噪 | 新增智能查找 | 同档罕见同轴三单元,images/22137.png
23966,REDMI Buds 8,智能穿戴,229.0,22900,至高50dB 4kHz宽频降噪 | 11mm高性能动圈单元 | 设备智能互联体验,images/23966.png
21605,小米米家喷墨打印一体机,电脑办公,499.0,49900,无线打印复印扫描 / 电脑手机平板多终端 / 全家轻松操作 / 高性价比原装耗材,images/21605.png
10050218,REDMI 显示器 G系列 27 英寸,电脑办公,649.0,64900,27英寸广色域电竞显示器，高刷疾速响应,images/10050218.png
20992,REDMI Book Pro 14 2025,电脑办公,6399.0,639900,70W 满血性能｜全新酷睿 Ultra 处理器,images/20992.png
10050058,Redmi Book 16,电脑办公,4499.0,449900,47W 满血性能 | 小米澎湃智联,images/10050058.png
19562,小米电纸书 7英寸,电脑办公,1199.0,119900,一书在手，畅阅无忧,images/19562.png
20870,REDMI Book 14 2025,电脑办公,3599.0,359900,47W 满血性能 | 小米澎湃智联 | 旗舰硬核品质,images/20870.png
15596,小米双接口U盘,电脑办公,99.0,9900,双接口兼容|高速读取|合金外壳|小巧便携,images/15596.png
20172,米家口袋照片打印机1S,电脑办公,399.0,39900,轻巧随身，打印多彩生活,images/20172.png
23472,Xiaomi Book Pro 14,电脑办公,8999.0,899900,第三代英特尔酷睿 Ultra 处理器 | 至高50W持久释放 | 1.08kg 超轻薄设计 | 3.1K高清高刷OLED屏,images/23472.png
21395,米家口袋打印相纸 ,电脑办公,39.6,3960,<font color='#ff4a00'>【适用于米家口袋照片打印机 Pro和Xiaomi MIX Flip 2 随身拍套装】</font>米家专用相纸，看清回忆的每个细节,images/21395.png
10050216,REDMI 显示器 A系列 27英寸,电脑办公,539.0,53900,27英寸大视野，专业色彩高效办公,images/10050216.png
21400,米家口袋照片打印机 Pro,电脑办公,599.0,59900,<font color='#ff4a00'>直播间限时领20元可叠加优惠券</font>鲜活细腻好出片，心动瞬间随身还原,images/21400.png
21638,REDMI显示器A22  2026,电脑办公,369.0,36900,100Hz刷新率丨效率办公不卡顿,images/21638.png
20864,REDMI Book 16 2025,电脑办公,4599.0,459900,47W 满血性能 | 小米澎湃智联 | 旗舰硬核品质,images/20864.png
20993,REDMI Book Pro 16 2025,电脑办公,7299.0,729900,80W 狂暴性能｜3.1K 165Hz 高刷高亮屏,images/20993.png
21630,小米无线键鼠套装 舒适版,电脑办公,149.0,14900,2.4GHz无线接收器丨波浪键位贴合手指丨分离式手托,images/21630.png
10050215,REDMI 显示器 A系列 24英寸,电脑办公,429.0,42900,24英寸高亮高刷屏幕，丝滑高效办公,images/10050215.png
10050217,REDMI 显示器 G系列 24/25英寸,电脑办公,549.0,54900,24/25英寸竞技黄金尺寸，高刷疾速响应,images/10050217.png
21364,REDMI Book 锐龙版 2025,电脑办公,3699.0,369900,AMD锐龙处理器 | 一体化铝合金骨架 | 防眩光高色域FHD屏,images/21364.png
20064,小米无线蓝牙双模鼠标2,电脑办公,69.0,6900,贴合掌心，舒适办公,images/20064.png
21270,小米无线鼠标Lite3,电脑办公,39.0,3900,"舒适点击,轻盈灵动",images/21270.png
15925,小米激光打印机墨粉K200-T,电脑办公,199.0,19900,原装耗材，打印实惠又安心,images/15925.png
13371,小米超大双料鼠标垫,电脑办公,49.0,4900,超大尺寸 |皮革触感|天然橡木 |防水耐脏,images/13371.png
15186,米家智能显示器挂灯1S,电脑办公,229.0,22900,非对称前向投光，屏幕无反光 | 升级Ra95高显色 | 无线遥控器，开关更自由 | 0-32mm屏幕适配 | 智能升级，联动更多可能/Type-C供电,images/15186.png
21272,小米无线键鼠套装 3,电脑办公,99.0,9900,轻薄无线，办公好伙伴,images/21272.png
10050071, REDMI 智能电视 A系列,电视,699.0,69900,金属全面屏、视野无疆,images/10050071.png
10050135,REDMI 电视 X 2026,电视,2699.0,269900,Mini LED电视，普及新风暴，画质革命，全面升级，REDMI电视首次采用高端先进Mini LED显示技术,images/10050135.png
10050074,REDMI智能电视 A Pro系列,电视,1349.0,134900,4K超高清|94%DCI-P3高色域|3+64GB大内存,images/10050074.png
10050072,REDMI 智能电视 MAX系列,电视,5299.0,529900,REDMI MAX系列,images/10050072.png
10050173,小米电视S Mini LED 2026 系列,电视,3299.0,329900,小米电视首发低反屏，超薄一体化机身，Mini LED 画质新旗舰,images/10050173.png
23713,REDMI红外遥控器2,电视,29.0,2900,红外遥控，自定义按键，极简布局,images/23713.png
21291,小米盒子5,电视,449.0,44900,人工智能语音 / 4K超清视界 / 4K HDR 影院级体验 / 杜比全景声,images/21291.png
10050131,小米电视S Pro Mini LED 2026,电视,5499.0,549900,首发搭载小米澎湃OS 3，画质外观新突破,images/10050131.png
10050091,百吋大屏电视,电视,7999.0,799900,百吋大屏,images/10050091.png
23719,小米蓝牙遥控器 2,电视,59.0,5900,小米蓝牙遥控器2,images/23719.png
21186,REDMI 投影仪 3 Lite 版,电视,719.0,71900,ToF激光感知模组、定制封闭式光机、180CVIA流明亮度、1080P物理分辨率,images/21186.png
16711,MIJIA K歌麦克风 大屏版2支装 家庭KTV电视麦克风,电视,299.0,29900,USB无线接收器 | 28mm动圈拾音 | 36种预设音效,images/16711.png
23714,小米蓝牙遥控器 2 Pro,电视,99.0,9900,简约外观，NFC投屏，智能语音，Type-C充电,images/23714.png
4983,小米影视会员卡,电视,488.0,48800,影视会员卡,images/4983.png
22285,REDMI 投影仪 3 Lite 云台套装,电视,759.0,75900,轻巧自在投，智能更好看,images/22285.png
22162,REDMI 投影仪 4 Pro,电视,1449.0,144900,<font color='#ff4a00'>高亮清晰智能对焦，立体声场震撼低音</font>高亮清晰智能对焦，立体声场震撼低音,images/22162.png
21562,Xiaomi激光投影仪 3 4K,电视,3699.0,369900,小米首款三色激光长焦投影，超清进化；4K分辨率，大屏画面更细腻；一体式云台支架，各种角度随心投,images/21562.png
21290,小米盒子5 MAX,电视,669.0,66900,人工智能语音 / 4K超清视界 / 4GB+64GB / 杜比全景声,images/21290.png
20803,小米电视音响2.1,电视,599.0,59900,小米电视音响2.1,images/20803.png
20557,Redmi投影仪 3 Pro ,电视,999.0,99900,470CVIA 流明亮度、全密闭光机、1080P物理分辨率、ToF无感自动对焦,images/20557.png
25153,REDMI投影仪5 Pro,电视,1899.0,189900,1000流明CVIA亮度，30°侧投随心摆，高刷高亮更出彩,images/25153.png
16120,小米盒子4S MAX,电视,549.0,54900,海量内容 | 4G+64G | 4K超清播放,images/16120.png
12279,小米影视VIP会员季卡,电视,148.0,14800,海量新热大片/每周独家精品服务/海内外纪录片,images/12279.png
5419,小米影视VIP会员月卡,电视,50.0,5000,畅享海量片库，享爱奇艺VIP特权,images/5419.png
22264,REDMI 投影仪 4 云台套装,电视,1049.0,104900,智能随心投，高亮更清晰,images/22264.png
23271,巨省电Pro 大1.5匹 超一级能效 米家空调,空调,3599.0,359900,<font color='#ff4a00'>限时特惠！以旧换新至高补贴750元</font>APF值6.3 节能升级更省电，大双排冷凝器/蒸发器  制冷热更强更稳,images/23271.png
22356,巨省电 立式大2匹 米家空调,空调,5299.0,529900,<font color='#ff4a00'>限时特惠！以旧换新至高补贴850元</font>新一代巨省电 智能新体验,images/22356.png
24771,强劲风 至尊版 立式超3匹 超一级能效 米家空调,空调,7899.0,789900,柔风模式，远扬近柔，呵护幼儿、宝妈、老人，超一级能效 APF值4.9，强劲动力，纯铜大双排蒸发器/冷凝器,images/24771.png
25085,米家中央空调 巨省电Pro 风管机 大3匹超一级能效 优选版,空调,8398.0,839800,搭配除醛滤网，无需换芯，长效守护 三排蒸发器+大双排冷凝器，高效换热更省电 米家灵云节能算法，支持小米澎湃智联,images/25085.png
23439, 人感风 1.5匹 米家空调,空调,3899.0,389900,智能人感风 舒适全场景,images/23439.png
23432,巨省电Pro 立式大2匹 超一级能效 米家空调,空调,6699.0,669900,<font color='#ff4a00'>限时特惠！以旧换新至高补贴850元</font>超一级能效 Pro更省电更智能,images/23432.png
24772,强劲风Pro 立式超3匹 超一级能效 米家空调,空调,8499.0,849900,超3匹性能，140Hz超高频强劲冷暖,images/24772.png
25169,米家中央空调 强劲风 风管机 大3匹超一级能效 至尊版,空调,9098.0,909800,超3匹性能 极速冷暖新体验,images/25169.png
23270, 巨省电Pro 大1匹 超一级能效 米家空调,空调,3199.0,319900,APF值6.0 节能升级更省电，大双排冷凝器/蒸发器  制冷热更强更稳,images/23270.png
23603,巨省电 柔风版 大1.5匹 双排铜管 米家空调,空调,3299.0,329900,轻柔风感 告别空调病,images/23603.png
24852,米家空调 巨省电Pro 柔风版 立式大2匹 超一级能效,空调,6899.0,689900,超一级能效，Pro更省电 更智能 更舒适,images/24852.png
24773,强劲风Pro 至尊版 立式超3匹 超一级能效 米家空调,空调,8699.0,869900,柔风模式，远扬近柔，呵护幼儿、宝妈、老人 超一级能效 APF值5.31 强劲动力，纯铜大双排蒸发器/冷凝器,images/24773.png
25177,米家中央空调 巨省电 风管机 大3匹超一级能效优选版,空调,7898.0,789800,省电硬实力 舒适享清凉,images/25177.png
24031,巨省电 大1匹 新一级能效 米家空调,空调,2915.0,291500,<font color='#ff4a00'>限时特惠！以旧换新至高补贴700元</font>新一代巨省电 智能省电新体验,images/24031.png
24012,强劲风Pro 超1.5匹 超一级能效 米家空调,空调,4899.0,489900,<font color='#ff4a00'>限时特惠！以旧换新至高补贴800元</font>强性能旗舰 冷暖实力强一档,images/24012.png
19917,新风Pro 双出风 立式3匹超一级能效 星锻银 米家空调,空调,8999.0,899900,智能凉感，鲜氧新风,images/19917.png
14038,米家新风空调滤芯 （挂机）,空调,119.0,11900,米家新风空调HEPA滤芯 （3片装）,images/14038.png
20645,Pro风管机 1.5匹 超一级能效 米家中央空调,空调,5999.0,599900,隐形舒适风感 智能省电动力,images/20645.png
13143,巨省电 1.5匹新一级能效 小米空调,空调,2499.0,249900,<font color='#ff4a00'>限时特惠！以旧换新至高补贴700元</font>强劲制冷 | 高效节能 | 智能互联,images/13143.png
24013,强劲风 超1.5匹 超一级能效 米家空调,空调,3999.0,399900,<font color='#ff4a00'>限时特惠！以旧换新至高补贴800元</font>强性能旗舰 冷暖实力强一档,images/24013.png
19918,Pro 双出风 立式3匹超 一级能效 星锻银 米家空调,空调,7999.0,799900,智能凉感，科技美学,images/19918.png
15939,米家新风空调滤芯（柜机）,空调,149.0,14900,米家新风空调HEPA滤芯 立式版（3片装）,images/15939.png
18216,柔风 1.5匹新一级能效 米家空调,空调,2699.0,269900,强劲制冷 | 微孔送风 | 防骤冷化霜,images/18216.png
24014,强劲风Pro 至尊版 超1.5匹 超一级能效 米家空调,空调,5099.0,509900,强劲风Pro 至尊版 超1.5匹 超一级能效 米家空调,images/24014.png
10000407,米家波轮洗衣机系列,洗衣机,649.0,64900,旋风波轮|全自动洗衣机,images/10000407.png
10050193,米家洗衣机 迷你洗3KG系列,洗衣机,599.0,59900,专属内衣洗 |呵护婴童洗|100%除螨|3kg黄金容量|15min快速洁净|美观省空间,images/10050193.png
10050211,米家洗衣机 多区洗衣机系列,洗衣机,2999.0,299900,包含双区/三区洗衣机，共7款产品,images/10050211.png
10050183,米家洗衣机 超净洗洗烘系列,洗衣机,1499.0,149900,全嵌美学 智能洗烘,images/10050183.png
10050186,米家洗衣机 超净洗滚筒系列,洗衣机,1099.0,109900,全嵌美学 智能洗净,images/10050186.png
24242,米家洗衣机 迷你双区洗烘1kg,洗衣机,1499.0,149900,双筒分区洗烘 母婴级安心洗护,images/24242.png
10050187,米家洗衣机 超电解智投系列,洗衣机,2699.0,269900,<font color='#ff4a00'>超电解家族上新！超电解滚筒10kg到手2294.15元起，立抢＞</font>超电解 祛渍净白防串色，智能双路投放,images/10050187.png
21681,米家洗衣机 迷你洗 洗烘1.2kg,洗衣机,1881.0,188100,医护级内衣健康洗，精华速洗，智能投放，高温蒸汽除菌，柔烘呵护，夜间自动开启新风换气，隔天取衣温暖清新,images/21681.png
10050113,米家洗衣机Pro 蓝氧智投系列,洗衣机,1999.0,199900,蓝氧护衣洗,images/10050113.png
18431,米家内衣物洗烘一体机,洗衣机,1104.0,110400,五重健康净化|除菌螨除血渍除HPV，呵护私密健康|轻柔暖烘，护衣干爽|45min快洗烘，省时省力|21种洗涤程序，专衣专洗|智能操控，轻松便捷,images/18431.png
21002,米家热泵烘干机10kg ,洗衣机,3999.0,399900,36℃超低温热泵柔烘，羊毛也能放心烘；热泵混动系统，无惧梅雨天、回南天，大件也能烘的透；智能正反转，防缠绕少褶皱,images/21002.png
21942,米家热泵烘干机Pro 12kg,洗衣机,5999.0,599900,全变频热泵精烘，1:1正反转匀烘，双缸压缩机轻音烘,images/21942.png
20506,米家热泵烘干机10kg 星缎银,洗衣机,3299.0,329900,超薄全嵌；混动速热；多重离子净化,images/20506.png
25332,米家洗衣机 迷你双筒 洗烘5kg,洗衣机,3175.0,317500,双区双洗烘自由分区，五公斤大容量更从容,images/25332.png
25383,米家洗衣机Pro 超电解新风 滚筒12kg,洗衣机,4099.0,409900,小米超电解强效净衣 全域新风护衣如新,images/25383.png
25396,米家洗衣机Pro 超电解新风 洗烘12kg,洗衣机,4699.0,469900,小米超电解强效净衣　全域新风护衣如新,images/25396.png
21943,米家洗烘套装Pro 三区洗 热泵烘 10kg+12kg,洗衣机,9999.0,999900,洗烘套装Pro 三区洗 热泵烘 10kg+12kg,images/21943.png
21019,米家洗烘套装Pro 蓝氧洗 热泵烘 10kg+10kg,洗衣机,6469.0,646900,"蓝氧护衣洗，祛渍净白防串色
36℃超低温柔烘，羊毛也能放心烘
洗烘联动再升级，省时46min，全年省电196度
洗烘除毛专业认证，净享健康撸宠时光",images/21019.png
25055,米家洗烘套装Pro 超电解智投 热泵烘 10kg+10kg,洗衣机,6587.0,658700,专业超电解护衣洗　智能科技热泵烘,images/25055.png
22209,米家洗烘套装Pro 三区洗 热泵烘 10kg+12kg 小筒烘,洗衣机,10499.0,1049900,米家洗烘套装Pro 三区洗 热泵烘 10kg+12kg 小筒烘,images/22209.png
22396,米家洗烘套装Pro 超电解智投 热泵烘 12kg+12kg,洗衣机,8234.0,823400,超电解技术 祛渍净白防串色，全水路自然杀菌无残留,images/22396.png
25440,米家三筒套装 三洗三烘5kg+12kg 大筒冷凝烘,洗衣机,7880.0,788000,小米超电解强效净衣　双筒大容量洗烘更从容,images/25440.png
25441,米家三筒套装 三洗双烘5kg+12kg,洗衣机,7291.0,729100,小米超电解强效净衣　双筒大容量洗烘更从容,images/25441.png
10050143,米家冰箱 三门系列,冰箱,849.0,84900,三门系列，共6款冰箱可供选择,images/10050143.png
10050148,米家冰箱 两门系列,冰箱,749.0,74900,两门系列，共3款冰箱可供选择,images/10050148.png
10050151,米家冰箱 对开门系列,冰箱,1799.0,179900,对开门系列，共6款冰箱可供选择,images/10050151.png
22504,米家冰箱 636L对开,冰箱,1999.0,199900,636L超大容量丨全域抗菌净味丨10kg/12h超强冷冻力,images/22504.png
10050153,米家冰箱 法式&十字平嵌系列,冰箱,2499.0,249900,平嵌系列，共7款产品可供选择,images/10050153.png
10050150,米家冰箱Pro 双系统系列,冰箱,2499.0,249900,双系统系列，9款冰箱可供选择,images/10050150.png
24684,米家冰箱 561L对开,冰箱,1849.0,184900,全域离子净化丨561L超大容量丨超强冷冻力,images/24684.png
23580,米家冰箱制冰机配件,冰箱,499.0,49900,55分钟自动制冰丨全链路抗菌丨仅Pro至尊版508L系列可用,images/23580.png
10050149,米家冰箱Pro  微冰鲜系列,冰箱,6499.0,649900,微冰鲜系列，5款冰箱可供选择,images/10050149.png
24721,米家冰箱 法式400L 自动制冰,冰箱,2999.0,299900,60分钟自动制冰|全域离子净化丨65.4cm超窄丨60cm超薄平嵌,images/24721.png
10050189,米家冰箱Pro 508L 自动制冰系列,冰箱,4352.0,435200,55分钟自动制冰|3分钟净味2分钟除菌丨双系统0串味|十字/法式可选,images/10050189.png
23600,米家冰箱Pro 双系统 十字606L,冰箱,3499.0,349900,606L超大容量 丨双系统精准控温不串味 丨除菌率99.9999%,images/23600.png
24237,米家冰箱Pro 600L十字,冰箱,3499.0,349900,606L超大容量 丨双系统精准控温不串味 丨除菌率99.9999%,images/24237.png
10050180,米家冰箱Pro 至尊版 508L 系列,冰箱,4699.0,469900,3分钟净味丨2分钟除菌丨双系统0串味丨自动制冰按需选配 丨共6款冰箱可选,images/10050180.png
10050168,米家冰箱Pro 560L 十字/法式 自动制冰,冰箱,5881.0,588100,自动制冰系列，共4款冰箱可供选择,images/10050168.png
10050178, 米家冰箱Pro 560L 十字/法式系列,冰箱,4699.0,469900,Pro 560L系列，共计4款冰箱可供选择,images/10050178.png
10050213,米家冰箱Pro 508L 全域离子净化4.0系列,冰箱,4352.0,435200,3分钟净味2分钟除菌丨双系统0串味丨灵活冰饮空间丨支持食材预处理丨十字/法式可选,images/10050213.png
25102,米家冰箱 法式平嵌400L 杏色,冰箱,2499.0,249900,全域离子净化系统丨0.4㎡小占地丨50L可调变温空间,images/25102.png
25067,米家冰箱Pro 600L十字 自动制冰,冰箱,4469.0,446900,600L超大容量丨全链路抗菌自动制冰丨双系统0串味,images/25067.png
2387,小米水质TDS检测笔,厨房大电,49.0,4900,准确检测家中水质纯度，让自己和家人喝上放心水,images/2387.png
11258,小米净水器C1（三出水）/小米净水器扁豆滤芯,厨房大电,79.0,7900,适配小米净水器C1（三出水），适配小米净水器扁豆；PPC复合滤芯|RO反渗透滤芯|CB活性炭滤芯；,images/11258.png
11703,小米净水器S1 800G滤芯,厨房大电,149.0,14900,三合一复合滤芯|RO反渗透滤芯|UF超滤滤芯,images/11703.png
10000275,米家净水器800G、小米净水器H800G/H800G Pro滤芯,厨房大电,219.0,21900,复合滤芯PPC3|800G反渗透滤芯RO4,images/10000275.png
13343,小米净水器H1000G滤芯,厨房大电,219.0,21900,复合滤芯PPC4，200G反渗透滤芯RO1，800G反渗透滤芯RO2。适配小米净水器H1000G,images/13343.png
21698,米家富矿净水器+前置过滤器Pro+即热管线机套装,厨房大电,5597.0,559700,矿泉水级优质认证 | 母婴级特优水质 | 飞瀑活泉1200G大通量,images/21698.png
19945,米家智能欧式吸油烟机S2烟灶套装4.8kw（液化气）,厨房大电,2498.0,249800,23m³/min大吸力 | 4800w大火力 | 烟灶联动,images/19945.png
21112,米家智能变频欧式吸油烟机S10烟灶套装5.0kw（天然气）,厨房大电,3198.0,319800,升级26m³/min大风量 | 5000w大火力 | 烟灶智能联动,images/21112.png
24205,吸油烟机3 变频欧式+燃气灶 3 猛火版（液化气）,厨房大电,3798.0,379800,28m³/min 大风量，变频降噪不扰人,images/24205.png
21148,米家智能台式洗碗机6套S10,厨房大电,2699.0,269900,105℃双风道热烘 | 超薄磁吸可视折叠门 | 独立奶瓶喷臂 | 专业五星消毒 | 7天UV抑菌存储,images/21148.png
16666,米家智能嵌入式蒸烤一体机P1 58L,厨房大电,4499.0,449900,触控彩屏 | 上下独立控温 | 磁吸旋钮,images/16666.png
21720,米家智能净烟机Pro,厨房大电,3999.0,399900,瞬吸爆炒没味道|免拆洗吸力不衰减|柔声降噪更安静,images/21720.png
20890,米家智能燃气灶T1 5200W（天然气）,厨房大电,1099.0,109900,百搭颜值派，高燃猛火灶,images/20890.png
22208,米家台式净饮机后置活性炭滤芯GC1,厨房大电,149.0,14900,米家台式净饮机后置活性炭滤芯GC1,images/22208.png
19743,米家控温淋浴花洒N1,厨房大电,999.0,99900,独立式无级控温｜三功能琴键式分控｜大尺寸防烫置物台,images/19743.png
10050184,米家智能洗碗机 Pro 嵌入式 18套,厨房大电,6999.0,699900,五重涡流劲洗，强效洗净油污，超高温杀菌更安心,images/10050184.png
10050047,米家净水器400G/小米净水器H400G滤芯,厨房大电,199.0,19900,复合滤芯PPC1 ｜ 反渗透RO1,images/10050047.png
23506,米家净水器 2 1200G,厨房大电,1999.0,199900,母婴级健康水，畅享鲜活大流量,images/23506.png
19946,米家平嵌侧吸烟机S1 烟灶套装5.2KW（天然气）,厨房大电,3098.0,309800,齐平橱柜不碰头| 25m³/min大风量、5200W大火力 | 烟灶联动,images/19946.png
21113,米家智能变频欧式吸油烟机S10烟灶套装4.5kw（液化气）,厨房大电,3198.0,319800,升级26m³/min大风量 |4500w大火力 | 烟灶智能联动,images/21113.png
24206,吸油烟机3 变频欧式+燃气灶 3 猛火版（天然气）,厨房大电,3798.0,379800,28m³/min 大风量，变频降噪不扰人,images/24206.png
21222,米家智能嵌入式洗碗机18套 S20,厨房大电,5999.0,599900,母婴级五星消杀 | 115℃开关门速烘 | 18套超大容量大套系,images/21222.png
23717,米家智能微蒸烤一体机 Pro 嵌入式 52L,厨房大电,5999.0,599900,AI全能智厨，微蒸烤炸一机到位,images/23717.png
21869,米家智能吸油烟机2 侧吸,厨房大电,1899.0,189900,24m³/min 大吸力，烟灶联动更省心,images/21869.png
21740,米家定时燃气灶Pro  5200W/4800W,厨房大电,1799.0,179900,72%热效率|双边180分钟定时免看管|双层隔热爆炒不灼人,images/21740.png
19867,米家多功能养生壶N1,小家电,99.0,9900,1.5L大容量｜304不锈钢滤网｜LED数显大屏,images/19867.png
12010,米家落地扇,小家电,219.0,21900,7羽叶大风量丨智能控制丨台地两用,images/12010.png
10050167,米家IH电饭煲2 2/3/4/5L,小家电,297.0,29700,0氟陶瓷涂层内胆，健康不粘锅,images/10050167.png
21126,米家电饭煲N1 3/4L 节能版,小家电,159.0,15900,九段烹饪曲线，4A级好米饭,images/21126.png
16640,米家便携吹风机H101,小家电,79.0,7900,25m/s风力 | 5000 万负离子 | 小巧可折叠,images/16640.png
21269,米家电水壶3,小家电,99.0,9900,母婴级316L不锈钢内胆，好钢煮好水，杯杯安心饮,images/21269.png
21680,米家高速吹风机,小家电,139.0,13900,11万转速马达，短发1分钟极速干发,images/21680.png
18289,米家声波电动牙刷T200C,小家电,89.0,8900,便携式旅行盒 | 25天长续航 | 双刷头配置,images/18289.png
18624,日常元素防蛀护龈牙膏,小家电,12.9,1290,防蛀固齿，长效清新,images/18624.png
19192,米家便携电热杯2 ,小家电,139.0,13900,关盖烧水｜通电多段保温功能｜母婴级不锈钢内胆｜自动高原模式,images/19192.png
20149,米家电饭煲N1 3L/4L,小家电,159.0,15900,4A级品质好米饭 | 6层黑晶涂层内胆 | 九段「满分煮」曲线,images/20149.png
12639,米家负离子速干吹风机 H300,小家电,99.0,9900,30m/s 风力 | 5000 万负离子 | 57°C智能恒温,images/12639.png
16422,日常元素地面清洁剂,小家电,99.0,9900,洁净抑菌，清新抑味,images/16422.png
19147,米家电水壶N1,小家电,69.0,6900,升级把手开盖，大面积更顺畅 | 1.5L大容量 | 1500W大功率快速煮水 | 304不锈钢内胆,images/19147.png
16591,米家电动剃须刀S101 快刀客,小家电,89.0,8900,三刀浮动 | 不锈钢刀头 | 3100转/分钟刀头转速,images/16591.png
20284,米家电磁炉N1,小家电,179.0,17900,2100W狂放火力 | 轻量感圆形机身 | 双层加粗聚能线圈,images/20284.png
13855,米家智能电压力锅5L,小家电,379.0,37900,一锅双胆，不串味 | 9挡调节口感 | 24小时智能预约 | APP智能食谱，云端食谱一键烹饪 | 手动排气按钮，不易烫伤,images/13855.png
14905,米家电磁炉2,小家电,269.0,26900,双环线圈加热，2100W爆炒功率 / 99挡火力调节 / 低功率持续加热 / 多功能OLED屏，火力、模式看得见 / 外置感温探头，准确测温不糊锅 / 智能NFC,images/14905.png
20105,米家智能多功能养生壶P1,小家电,199.0,19900,小米智联，50+食谱花式养生 | 喷淋萃茶，萃出茶香甘醇不涩 | 隔水柔炖，释放食材深层营养,images/20105.png
20644,米家便携即热饮水机,小家电,249.0,24900,小巧机身，折叠出水口，自研精瓷加热技术，3s即热,images/20644.png
20547,米家多功能电火锅6L,小家电,249.0,24900,一款多功能大容量大火力电火锅,images/20547.png
20799,米家声波扫振电动牙刷Pro​,小家电,169.0,16900,智能模式 | 漏刷提醒 | 缓震刷头,images/20799.png
20418,米家破壁机N1,小家电,299.0,29900,1.75L超大容量 | 三大搅打技术 | 一键自清洗+热烘除菌,images/20418.png
16678,米家电动剃须刀 S301 黑侠客,小家电,129.0,12900,浮动三刀头 | 智能快剃 | 3300转/分钟刀头转速,images/16678.png
19507,米家即热饮水机S1,小家电,229.0,22900,精瓷加热技术/无硅胶无异味/真正精准控温/放杯亮屏/自适应童锁,images/19507.png
14596,小米小爱音箱Play 增强版,智能家居,149.0,14900,<font color='#ff4a00'>内置红外遥控，一句话控制传统家电</font>内置红外遥控，一句话控制传统家电 | LED时钟显示，自适应亮度调节,images/14596.png
11810,Redmi小爱触屏音箱 8英寸,智能家居,449.0,44900,<font color='#ff4a00'>你值得拥有一台MIUI Home适用的有屏音箱</font>8英寸高清大屏，躺着侧着都能看清 | 海量优质影音资源 | 多设备视频通话,images/11810.png
16606,米家智能吸顶灯Pro,智能家居,599.0,59900,打造多维立体光照 | Ra95 高显色指数,images/16606.png
18084,米家智能温湿度计3,智能家居,49.0,4900,六种信息展示 | 大尺寸 LCD 显示屏 | 舒适提醒 | 工业级高精度传感器 | 持久续航,images/18084.png
14785,MIJIA K歌麦克风,智能家居,369.0,36900,9种音效｜双麦配对｜四向发声｜双5W扬声器,images/14785.png
11507,米家LED灯泡 蓝牙MESH版,智能家居,29.9,2990,全新蓝牙MESH技术，分组控制更简单  | E27螺口轻松替换，色温/亮度自由调节 | 小爱语音智能控制,images/11507.png
15755,小米中枢网关,智能家居,349.0,34900,稳定连接百款设备丨多台中枢互备丨搭载四核处理器丨内置蓝牙信号放大器,images/15755.png
15122,米家智能窗帘 锂电池版,智能家居,999.0,99900,<font color='#ff4a00'>首次免费安装拆旧~ 单向、双向开合均支持</font>免插座免布线 | 支持27w快充 | 快充约2.75小时，续航6个月 | 直流静音电机,images/15122.png
11190,小米米家蓝牙温湿度计 2,智能家居,29.0,2900,智能联动 / 婴儿模式 / 超长续航 / 高精度传感器,images/11190.png
10015,小米小爱音箱 Play,智能家居,109.0,10900,<font color='#ff4a00'>声音实力派，入门级首选！</font>语音遥控数千款智能产品 | 海量优质有声资源，小爱同学生活助理,images/10015.png
19858,米家台灯2,智能家居,229.0,22900,60cm长灯头，读写作业台灯AA级光度等级+学习用灯具AAAA级，创新前向投光设计,images/19858.png
12950,小米米家智能开关,智能家居,59.0,5900,小爱语音控制/ 智能联动/OTA升级/更换便捷,images/12950.png
16421,米家智能插座3,智能家居,59.0,5900,语音控制 | 远程控制 | 电量统计 | 过载保护,images/16421.png
15756,小米智能开关（零火版）,智能家居,119.0,11900,普通灯，智能控制丨支持语音控制，手机APP控制等多种控制方式丨16A高抗浪涌自锁继电器丨专利机械开关设计手感干脆丨智能联动场景,images/15756.png
9726,米家空调伴侣2,智能家居,79.0,7900,远程控制 / 小爱声控 / 睡后调温 / 电量统计,images/9726.png
16797,小米无线开关（蓝牙版）,智能家居,39.0,3900,一键触发智能场景 | 一键呼叫 | 疾速模式 | 一物三控 | 2年续航,images/16797.png
9542,小米米家电子温湿度计Pro,智能家居,99.0,9900,温湿度监测 / 电子墨水屏 / 智能互联 / 灵活摆放,images/9542.png
20324,米家桌面学习灯 Pro,智能家居,549.0,54900,定制全光谱LED灯珠，照亮1.2m大书桌，雷达感应 入座即亮，智能调光,images/20324.png
6298,小米WiFi放大器 Pro,智能家居,129.0,12900,智能设备上网伴侣 | 2X2外置天线 | 极速配对 | 300Mbps强电版,images/6298.png
20565,米家桌面学习灯,智能家居,329.0,32900,柔光伴读，点亮多彩视界,images/20565.png
14204,小米天然气卫士,智能家居,179.0,17900,小米天然气卫士,images/14204.png
19511,米家智能宠物喂食器2,智能家居,399.0,39900,5L智能大粮仓 科学喂养每一餐,images/19511.png
19539,米家智能宠物喂食器2干燥盒套装,智能家居,29.0,2900,防潮锁鲜味 每口都酥脆,images/19539.png
10744,小米小爱音箱,智能家居,249.0,24900,<font color='#ff4a00'>Hi-Fi级音频芯片，旗舰级音质</font>Hi-Fi级音频芯片，旗舰级音质 | 支持AUX IN接口，你的桌面有源音箱,images/10744.png
18580,米家多彩旅行箱,出行运动,219.0,21900,加厚深仓｜55mm灵活大轮｜轻盈PP材质,images/18580.png
19742,米家多功能运动休闲胸包,出行运动,69.0,6900,四大收纳分区 | 灵活扩展仓 | 4级防泼水,images/19742.png
19270,米家体脂秤 S400,出行运动,99.0,9900,心率检测，关注心脏健康,images/19270.png
11674,小米小背包,出行运动,39.0,3900,极简设计 | 轻盈背负 | 4级防泼水,images/11674.png
19997,米家体重秤S200,出行运动,69.0,6900,一秤多用，精准称重,images/19997.png
18415,米家充气宝2,出行运动,199.0,19900,"纤巧机身|便携易收纳|预设压力充到即停|
满电可补气10个轮胎",images/18415.png
19991,米家无线洗车机2,出行运动,299.0,29900,畅洗无忧 轻便随行,images/19991.png
20847,米家智能健腹轮,出行运动,199.0,19900,高效练腹，科学减脂,images/20847.png
18577,米家旅行箱,出行运动,319.0,31900,强韧防刮箱面｜科思创PC材质｜万向轻音轮,images/18577.png
20894,米家智能哑铃,出行运动,99.0,9900,智能跟练，轻松燃脂塑形,images/20894.png
10429,小米经典商务双肩包 2,出行运动,99.0,9900,双仓收纳 | 立体有型 | 4级防泼水,images/10429.png
21172,米家八电极体脂秤 S800,出行运动,299.0,29900,自上而下，全面掌握身体数据,images/21172.png
20428,米家多功能便携手电筒,出行运动,99.0,9900,轻巧便携|30小时超长续航|三挡可调|1000流明强光照明,images/20428.png
21147,米家斜挎包,出行运动,129.0,12900,实物主义，轻简随行,images/21147.png
21944,米家户外多功能灯,出行运动,99.0,9900,便携小身形，照明多面手,images/21944.png
20409,米家体脂秤S400 Pro,出行运动,179.0,17900,多项身体指标，大屏直接看,images/20409.png
19718,米家侧翻盖旅行箱,出行运动,449.0,44900,1:9深仓结构｜侧开盖设计｜可移动隔板(*20.24英寸无隔板),images/19718.png
20897,米家智能哑铃 配重块,出行运动,69.0,6900,快装快拆，轻松切换哑铃负重,images/20897.png
20275,米家充气宝2 Pro,出行运动,299.0,29900,45s疾速补气 16次轮胎补气 到压自停免看管 多预设模式 满足多场景使用,images/20275.png
20974,米家筋膜枪3 迷你版,出行运动,219.0,21900,小巧便携，大力舒压,images/20974.png
21900,米家便携充气宝,出行运动,179.0,17900,小巧随行，一键充气,images/21900.png
16638,米家多功能手电筒,出行运动,169.0,16900,"240m超强远射|1000流明强光照明|多功能侧灯|
弹出式破窗器|安全带割刀",images/16638.png
21056,小米对讲机3 畅聊版,出行运动,129.0,12900,快速对频，高清对讲,images/21056.png
16451,米家无线洗车机,出行运动,399.0,39900,无线清洗，强劲水压，五种水型,images/16451.jpg
20066,米家筋膜枪3,出行运动,329.0,32900,强劲有力，深层放松,images/20066.png
21033,不锈钢直饮杯 闪电黄,车周边,29.9,2990,不锈钢直饮杯 两只装,images/21033.png
23613,不锈钢直饮杯 卡布里蓝,车周边,29.9,2990,不锈钢直饮杯 卡布里蓝,images/23613.png
21509,1:43 合金车模,车周边,129.0,12900,复刻经典 多色可选,images/21509.png
21268,Xiaomi Life 自动折叠晴雨伞,车周边,129.0,12900,优雅出行，晴雨皆宜,images/21268.png
21530,SU7 1:64 回力合金车模,车周边,179.0,17900,经典的掌上玩趣,images/21530.png
21525,不锈钢直饮杯 9色套装,车周边,99.0,9900,Xiaomi YU7 车身同款配色,images/21525.png
20751,SU7 Ultra 1:18 合金车模,车周边,599.0,59900,全开门合金车模｜高保真还原Ultra 速度感,images/20751.png
21503,Xiaomi Life 盖毯,车周边,129.0,12900,一毯多用 治愈全场景,images/21503.png
21358,YU7 1:18 合金车模,车周边,599.0,59900,「高端」全开门合金车模,images/21358.png
12498,米家随手吸尘器,车周边,249.0,24900,<font color='#ff4a00'>产品站领国补资格下单省10%</font>13KPa吸力，高效除尘 | 99.5%整机高效过滤 | 轻巧便携，车家两用,images/12498.png
23680,第二代 Xiaomi SU7 1:18 合金车模,车周边,499.0,49900,高度还原新时代驾驶者之车,images/23680.png
19791,SU7 1:18 合金车模,车周边,499.0,49900,"高端全开门合金车模
四门两盖全开合，展现实车色彩
前轮转向联动方向盘，软胶材质座椅",images/19791.png
21526,YU7 1:64 回力合金车模,车周边,179.0,17900,优雅豪华的浓缩之美,images/21526.png
19762,小米车载K歌麦克风（两支装）,车周边,499.0,49900,大口径驻极体精准收音 | 15小时续航,images/19762.png
20879,气门芯帽（Are you OK手型版）,车周边,39.9,3990,Are you OK手型版｜PVC材质｜手感舒适,images/20879.png
19787,车载舒适头枕,车周边,139.0,13900,高弹生物棉芯 细腻麂皮绒面 柔软支撑舒适透气,images/19787.png
21089,小米汽车家用充电桩7kW,车周边,1999.0,199900,小米汽车家用充电桩 7kW,images/21089.png
21543,钥匙扣（Are you OK手型 变色版）,车周边,19.9,1990,三段式多功能设计 随心切换使用场景,images/21543.png
22024,SU7 Ultra Prototype 1:43 合金车模,车周边,149.0,14900,<font color='#ff4a00'>复刻冲刺纽北赛道的精彩瞬间</font>1:43收藏级比例,images/22024.png
21267,米家车载吸尘器,车周边,329.0,32900,23kPa吸力｜吹吸一体｜多场景使用｜无线手持,images/21267.png
21583,小米插线板 5位总控,日用百货,29.9,2990,防误触保护门 | ​大间距设计 | ​过载保护,images/21583.png
18063,小米插线板8位总控版,日用百货,34.9,3490,8位电源插孔，双挂槽设计,images/18063.png
21915,米家磁吸茶仓杯,日用百货,99.0,9900,泡茶新体验，独立磁吸茶仓,images/21915.png
3016,7号彩虹电池（10粒）,日用百货,13.9,1390,麦克赛尔监制电池核芯 / 7年长久锁住电量 / 碱性10粒装7号环保电池，无汞无镉 / 防泄漏技术，四重安全保障 / 十种绚丽色彩，送收纳盒,images/3016.png
20528,8H乳胶释压抗菌床垫,日用百货,699.0,69900,天然乳胶，释压舒适深睡,images/20528.png
18045,米家魔方转换器,日用百货,49.0,4900,方形设计 / 三USB充电口 / 小巧便携 / 多重安全保护,images/18045.png
2804,5号彩虹电池（10粒）,日用百货,13.9,1390,麦克赛尔监制电池核芯 / 电量持久，强劲有力 / 碱性10粒装5号环保电池，无汞无镉 / 防泄漏技术，四重安全保障 / 十种绚丽色彩，送收纳盒,images/2804.png
19769,MIJIA智能音频眼镜 悦享版,日用百货,439.0,43900,声临其‘镜’  悦享聆听,images/19769.png
9836,小米巨能写中性笔10支装,日用百货,9.99,999,4倍书写长度 /颜料型油墨 / 0.5mm弹簧子弹头 / 不易飞白断墨,images/9836.png
19770,MIJIA智能音频眼镜 替换套装,日用百货,199.0,19900,时尚新选择，更多场合，从容应对,images/19770.png
21171,米家便携水杯,日用百货,59.0,5900,米家便携水杯,images/21171.png
11805,米家指甲刀五件套,日用百货,39.9,3990,高品质不锈钢 / 磁吸收纳 / 简洁五件套 / 随身携带,images/11805.png
20065,小米插线板4位4控,日用百货,39.0,3900,独立控制 随开随用 | 750℃阻燃外壳 安全有保障 | 防误触防护门 使用更安心,images/20065.png
18335,米家偏光太阳镜套镜,日用百货,99.0,9900,近视专属，阻挡强光,images/18335.png
19825,小米67W桌面快充插座 Pro,日用百货,169.0,16900,多功能，充电器、拓展坞、插座三合一 | 小米手机至高支持67W快充充电 | 氮化镓技术，体积更小，能效更高,images/19825.png
9848,小米中性笔,日用百货,24.9,2490,书写顺滑 / 轻盈握感 / 按压出芯 / 遇水不易洇,images/9848.png
20287,小米67W桌面快充插座,日用百货,129.0,12900,至高67W高效快充，快速满电 | 黑白双色，简约设计好看百搭 | 体积小巧，打造整洁桌面空间,images/20287.png
20106,米家偏光太阳镜夹片,日用百货,59.9,5990,近视专属，便携有型,images/20106.png
18090,小米插线板 3位总控 20W,日用百货,54.9,5490,三合一开关,images/18090.png
20551,吸管杯 多色,日用百货,109.0,10900,1L大容量｜Tritan吸管 ｜车载杯架适配,images/20551.png
13211,小米巨能写多彩中性笔,日用百货,9.99,999,醒目五色 | 4倍书写长度 | 8.5g磨砂笔身 | 颜料型油墨 | 0.5mm弹簧子弹头,images/13211.png
18186,米家智能血压计,日用百货,199.0,19900,免绑袖带轻松测，大屏背光看得清,images/18186.png
20112,米家运动杯,日用百货,99.0,9900,1L大容量｜关盖自动落锁｜独立茶仓,images/20112.png
20028,米家记忆绵护颈枕Pro ,日用百货,99.0,9900,柔软护颈，深睡有支撑,images/20028.png
20107,大肚保温杯,日用百货,109.0,10900,1L大容量｜内置茶隔｜一盖两用,images/20107.jpg
21057,REDMI 儿童手表,儿童用品,499.0,49900,环境看得清，家长更安心,images/21057.png
19739,米兔儿童学习手表7,儿童用品,679.0,67900,健康监测，多维关怀,images/19739.png
22584,小米儿童手表,儿童用品,1175.0,117500,强定位，伴成长，更安心,images/22584.png
21555,REDMI 儿童手表充电线,儿童用品,19.9,1990,适配6C/C7A/U2/7X/7/REDMI儿童手表,images/21555.png
18134,米家液晶小黑板多彩版,儿童用品,59.0,5900,多彩彩屏显示，磁吸滑槽收纳笔,images/18134.png
18069,米家词典笔（支持小爱同学）,儿童用品,699.0,69900,1500万+大词库 | 大段录入 | 多角度扫描 | 智慧背单词 | 语音翻译机 | 考点考频统计,images/18069.png
24149,小米儿童手表充电线,儿童用品,29.0,2900,适配小米儿童手表、REDMI 儿童手表 Pro,images/24149.png
25063,REDMI 儿童手表 Pro ,儿童用品,1045.0,104500,精准定位 多重守护丨灵动双摄 潮趣随行丨家长管理 掌握动态丨功能丰富 随心社交,images/25063.png
20831,MIJIA 词典笔C1,儿童用品,379.0,37900,提笔就扫，快准识别,images/20831.png
21563,REDMI 儿童手表挂绳,儿童用品,49.0,4900,REDMI 儿童手表挂绳,images/21563.png
23972,小米儿童手表挂绳,儿童用品,59.0,5900,适配小米儿童手表、REDMI 儿童手表 Pro,images/23972.png
20069,米兔儿童手表S1,儿童用品,999.0,99900,快充6分钟，守护一整天,images/20069.jpg
16017,米兔儿童学习手表6C,儿童用品,479.0,47900,儿童微信 | 4GB大内存 | 九重安全定位 | 学习APP,images/16017.png
